id,first_name,last_name,email,item,price
1,Dinah,Ahmed,dahmed0@shutterfly.com,Soupcontfoam16oz 116con,93
2,Milo,Furlong,mfurlong1@cyberchimps.com,Sword Pick Asst,187
3,Gawain,Brilon,gbrilon2@jugem.jp,Ice Cream - Vanilla,102
4,Lowe,Mayberry,lmayberry3@sina.com.cn,Squid - U 5,485
5,Kristofer,Cornford,kcornford4@yahoo.com,Pails With Lids,375
6,Alma,Batchelar,abatchelar5@livejournal.com,Glycerine,298
7,Elvira,Asher,easher6@engadget.com,"Beef - Ox Tail, Frozen",357
8,Jeanne,Spirritt,jspirritt7@craigslist.org,Praline Paste,40
9,Claudian,Mundow,cmundow8@paginegialle.it,"Cup - 3.5oz, Foam",462
10,Travers,Roarty,troarty9@hhs.gov,Eggplant Italian,155
11,Curr,Woollard,cwoollarda@businessinsider.com,Transfer Sheets,447
12,Joice,Murray,jmurrayb@surveymonkey.com,Grapes - Red,74
13,Noach,Blaine,nblainec@nationalgeographic.com,Currants,129
14,Lucila,Bordes,lbordesd@sfgate.com,Stock - Fish,115
15,Janith,Sotheby,jsothebye@sbwire.com,Cheese Cloth No 60,212
16,Tildy,Aronovitz,taronovitzf@twitpic.com,"Beef - Tenderlion, Center Cut",154
17,Lenka,People,lpeopleg@samsung.com,Beans - Yellow,98
18,Darin,Canape,dcanapeh@princeton.edu,"Soup - Cream Of Broccoli, Dry",359
19,Jacquelyn,Breen,jbreeni@jimdo.com,Egg - Salad Premix,315
20,Helaine,Powderham,hpowderhamj@stanford.edu,Blueberries,327
